username,likes_count,retweet,sentiment,n_post,followers
avisnazionale,596.725,0.025,-0.01583333333333333,40,29000
fidasdonatorisangue,57.0,0.4444444444444444,0.0,9,5624
newyorkbloodcenter,65.8515037593985,0.11278195488721804,0.226000155623075,532,3463
