cited,likes_count,retweet,sentiment
avisnazionale,44.3590391908976,0.006321112515802781,0.036417163392017234
fidasdonatorisangue,31.29787234042553,0.0,0.0
newyorkbloodcenter,68.43835616438356,0.0547945205479452,0.17305335902268715
