username,likes_count,retweet,sentiment,n_post,followers
avis_milano,0.3333333333333333,False,0.011601307189542484,51,6460
avisnazionale,7.870907390084191,False,0.004782816359055829,3207,580
fidasnazionale,2.6985951468710088,False,-0.00018009874331713423,783,1401
nybloodcenter,2.791457286432161,False,0.28738496663512364,398,4934
redcrosseny,1.4193548387096775,False,0.321224340175953,31,3158
