cited,likes_count,retweet,sentiment
AVIS_Milano,2.772727272727273,False,0.028409090909090908
FIDASnazionale,3.436619718309859,False,0.001567739771965124
NYBloodCenter,2.101325019485581,False,0.08438942931162692
RedCrossENY,2.962962962962963,False,0.1759020429159318
avisnazionale,2.314532520325203,False,0.011823558371649306
